anio,total_casos,registros,promedio_por_registro,variacion_anual,proporcion_total
2018,175,95,1.8421052631578947,NA,0.07210250916731903
2019,1506,574,2.6236933797909407,760.5714285714284,0.6204935931770426
2020,10220,1804,5.665188470066519,578.6188579017264,4.210786535371431
2021,3360,830,4.048192771084337,-67.12328767123287,1.3843681760125253
2022,601,159,3.779874213836478,-82.11309523809524,0.24762061719747847
2023,62033,5617,11.043795620437956,10221.630615640599,25.55848543529315
2024,163030,8172,19.94982868330886,162.8117292408879,67.1706975402744
2025,1785,503,3.548707753479125,-98.90510948905109,0.735445593506654
