anio,total_casos,registros,promedio_diario,variacion_anual
2018,175,95,1.8421052631578947,NA
2019,1506,574,2.6236933797909407,760.5714285714284
2020,10220,1804,5.665188470066519,578.6188579017264
2021,3360,830,4.048192771084337,-67.12328767123287
2022,601,159,3.779874213836478,-82.11309523809524
2023,62033,5617,11.043795620437956,10221.630615640599
2024,163030,8172,19.94982868330886,162.8117292408879
2025,1785,503,3.548707753479125,-98.90510948905109
