trimestre_epidemio,total_casos,porcentaje
T1 (Ene-Mar),107148,44.146512298628
T2 (Abr-Jun),135044,55.64006427423674
T3 (Jul-Sep),420,0.17304602200156566
T4 (Oct-Dic),98,0.04037740513369865
